epoch,train_loss,val_loss
1,0.07373965245982012,0.04786762843529383
2,0.04777499530464411,0.047686888525883354
3,0.04767150686432918,0.04761702790856361
4,0.047627577123542625,0.04758711804946263
5,0.0476136587249736,0.04756131991744041
6,0.04759235562135776,0.047586147238810855
7,0.04759572967886925,0.04755842089653015
8,0.047582978196442124,0.047574535757303235
9,0.047579862053195636,0.047538988292217255
10,0.04757910172144572,0.04754106253385544
11,0.047574695044507585,0.04755317096908887
12,0.0475789334004124,0.04755072941382726
13,0.04757470386102795,0.04754123091697693
14,0.04757831947257121,0.04754648084441821
15,0.0475713695709904,0.04753502905368805
16,0.04757331556951006,0.047535760203997295
17,0.047567274111012615,0.04753233715891838
18,0.04757623914629221,0.04755228211482366
19,0.04756560083478689,0.04753974775473277
20,0.047566461469978095,0.04755308181047439
21,0.047571417906632024,0.047562037408351895
22,0.04756785631179809,0.04753664955496788
23,0.04756806440030535,0.04753588040669759
24,0.04757100281616052,0.04754320358236631
25,0.047572173705945416,0.04753601054350535
26,0.04757058455919226,0.04753416975339254
27,0.04756592564905683,0.04755169078707695
28,0.047566666112591825,0.047553304582834244
29,0.047568694315850736,0.047533210615317026
30,0.047569080535322425,0.0475508876144886
31,0.04756912772233288,0.04753702183564504
32,0.04756982068841656,0.0475348266462485
33,0.04756582338983814,0.047531439612309136
34,0.047565511024246616,0.04753301938374837
35,0.04756879949321349,0.04753434682885806
36,0.047566486553599435,0.04752640177806219
37,0.047565855613599224,0.04753302981456121
38,0.04756044130772352,0.047528356810410816
39,0.047572548904766636,0.047528688609600064
40,0.04756688025469581,0.0475380077958107
41,0.047564038261771205,0.0475278894106547
42,0.04756363226721684,0.04753846675157547
43,0.04756506976361076,0.047527970373630525
44,0.04756277066965898,0.04753750289479892
45,0.04756371062248945,0.04753207316001256
46,0.04756273248543342,0.047526471813519794
47,0.04755994575098157,0.04753775695959727
48,0.04756414669876297,0.047528976450363795
49,0.04756694522996743,0.04754399607578914
50,0.0475647500405709,0.047530034681161244
51,0.04756730068475008,0.04753514031569163
52,0.04756504635637005,0.047536960989236834
53,0.047567576790849365,0.05066608935594559
54,0.047658820357173684,0.04755203624566396
55,0.04756718445569277,0.04753392686446508
56,0.04756236750011643,0.047541689376036325
