epoch,train_loss,val_loss
1,0.07560589692244928,0.047841716557741165
2,0.0477800593400995,0.04767428586880366
3,0.047669830018033585,0.047603993117809294
4,0.047627385177959995,0.04757133747140566
5,0.047595274883011976,0.04755867173274358
6,0.04759775465354323,0.047548109541336696
7,0.04758711624890566,0.047559187312920886
8,0.047577178291976455,0.047557417303323746
9,0.047577964576582116,0.04756374085942904
10,0.047576786515613395,0.04754232118527094
11,0.04757259602968891,0.04753675560156504
12,0.0475708259580036,0.04754883423447609
13,0.0475717019289732,0.04756891156236331
14,0.04756674465412895,0.047544340044260024
15,0.047567225123445196,0.047533294558525084
16,0.047565351737042266,0.047557333111763
17,0.04756877385079861,0.04753593976298968
18,0.0475697890855372,0.047539300719896954
19,0.04756974084302783,0.04754583984613418
20,0.047566357720643285,0.047538730005423226
21,0.04756687817474206,0.04754364614685377
22,0.047564876017471155,0.04752842510739962
23,0.0475638716481626,0.04754033039013545
24,0.04756935555487871,0.04753139515717824
25,0.04756256959711512,0.047539861003557844
26,0.04756427568693956,0.047533768912156424
27,0.04757320666685701,0.04753766084710757
28,0.047567017128070196,0.04753453160325686
29,0.04756415033092101,0.04752948333819707
30,0.047561601363122465,0.04752554868658384
31,0.04756271547327439,0.047531207899252574
32,0.04756425904730956,0.04754512955745061
33,0.047565566779424744,0.04753527467449506
34,0.04756545663500825,0.04755320424834887
35,0.04756345388789972,0.047534050544102986
36,0.047561071378489334,0.04752989163001378
37,0.047560106745610634,0.04753501936793327
38,0.047565769186864296,0.04753719245394071
39,0.04756998193139831,0.04753266473611196
40,0.04756533345207572,0.047543347875277205
41,0.04757175489018361,0.047530967245499295
42,0.047561191984762746,0.04753255794445674
43,0.047562905494123696,0.04752583752075831
44,0.047562199831008914,0.0475327230989933
45,0.04756097470720609,0.04753659690419833
46,0.0475639964453876,0.04753723219037056
47,0.04756190851330757,0.04753778552015622
48,0.04756374986221393,0.04753211885690689
49,0.04755863134438793,0.04754490852355957
50,0.04756182522202532,0.04753262499968211
