epoch,train_loss,val_loss
1,0.06675023042286436,0.04781297395626704
2,0.04773689145222306,0.047656689087549844
3,0.04764731501539548,0.04758171165982882
4,0.047609440392504136,0.047614996880292894
5,0.04760001500447591,0.047591802974541984
6,0.04759493358433246,0.04755454510450363
7,0.047584701081116995,0.04755193168918292
8,0.04758536107838154,0.0475430595378081
9,0.04757440450290839,0.04754730040828387
10,0.04757774736111363,0.04755034744739532
11,0.04757351769755284,0.04752972548206647
12,0.04757078541442752,0.047542293866475425
13,0.04758095064510902,0.04753425990541776
14,0.047579820919781926,0.04756668830911318
15,0.04757147037113706,0.04753588264187177
16,0.047573017825682955,0.047535244623819986
17,0.04756763363257051,0.04754294728239377
18,0.04757029144093394,0.0475333737830321
19,0.047565280987570686,0.04756319671869278
20,0.04757257333646218,0.04753673324982325
21,0.047564524319022895,0.047576656192541124
22,0.04757055522253116,0.04754048163692157
23,0.04756446145474911,0.04752916544675827
24,0.047559663311888774,0.047539214293162026
25,0.04756651970868309,0.04753123819828033
26,0.0475669895298779,0.04752480288346608
27,0.04756405809894204,0.047530354311068855
28,0.047565540919701256,0.04753157471617063
29,0.0475685161848863,0.04753599961598714
30,0.047566809505224225,0.04752719377477964
31,0.04756890153512359,0.04753166710337003
32,0.04756314236049851,0.04753378356496493
33,0.04756780276075005,0.04754891842603683
34,0.047570181203385194,0.047541749725739164
35,0.04756405229369799,0.04752616584300995
36,0.047565904042373104,0.04754523759086927
37,0.04756689841548602,0.047547514488299684
38,0.04757230654358864,0.047529556105534235
39,0.0475683583257099,0.04752930079897245
40,0.047570305752257507,0.04752771978576978
41,0.04756396478042006,0.047529554615418114
42,0.0475621129386127,0.047537767638762794
43,0.04756897467498978,0.04754668374856313
44,0.047561880107969044,0.047537251065174736
45,0.047564614253739514,0.047527989745140074
46,0.04756277737518152,0.04753372942407926
