fault,TP,FN,TPR
F1L,31,588,0.050080775444264945
F2L,426,323,0.5687583444592791
F3L,317,46,0.8732782369146006
F4L,255,514,0.33159947984395316
F5L,514,245,0.6772068511198946
F6L,688,81,0.8946684005201561
F7L,202,567,0.2626788036410923
