epoch,train_loss,val_loss
1,0.07959326803684234,0.047800472875436144
2,0.04775864183902741,0.047720014303922656
3,0.04766953435416023,0.04761273289720217
4,0.047634078189730644,0.04758183757464091
5,0.04761814388136069,0.04758773893117905
6,0.047601506020873784,0.047557153801123304
7,0.04759551569198569,0.04756062552332878
8,0.04758816929534078,0.04760891596476237
9,0.04758617732053002,0.04755378688375155
10,0.04757848105703791,0.04754744345943133
11,0.04757972881197929,0.04753810216983159
12,0.04757990924020608,0.047544308255116144
13,0.047570918158938484,0.04756610368688901
14,0.04757318651924531,0.04753418217102687
15,0.047574191726744174,0.047543018311262134
16,0.047572220737735434,0.04753223235408465
17,0.047570423285166426,0.04753835325439771
18,0.04757238536452254,0.047561616202195484
19,0.04756773738190532,0.04753023236989975
20,0.04757014916588863,0.047543835391600925
21,0.04757190886884928,0.047536449134349824
22,0.047565245131651564,0.04753379374742508
23,0.04756514523178339,0.047539331515630084
24,0.0475669010852774,0.04753696198264758
25,0.04756395186608036,0.04754161611199379
26,0.04757136867071191,0.047534941633542376
27,0.047569548400739826,0.04753930419683457
28,0.04756416901946068,0.04753147860368093
29,0.0475672023370862,0.0475346806148688
30,0.04756677371139328,0.04752979129552841
31,0.047563159745186566,0.04754144499699275
32,0.0475653514576455,0.04753552551070849
33,0.04756455222765605,0.047532989829778674
34,0.0475678521518906,0.047535054634014764
35,0.0475634817344447,0.04753985702991485
36,0.04756791206697623,0.04753016233444214
37,0.0475638035684824,0.047525994231303534
38,0.047567460654924315,0.04754441579182943
39,0.04756418398271004,0.04753331864873568
40,0.0475611458842953,0.04753453036149343
41,0.04756272863596678,0.04753588686386744
42,0.047563469782471654,0.04753493393460909
43,0.0475697063220044,0.04755174368619919
44,0.04756815355891983,0.047537171840667726
45,0.04756227269147833,0.04753410518169403
46,0.047561140203227596,0.04753719245394071
47,0.04756641338268916,0.04754305084546407
48,0.047564705430219574,0.04755113571882248
49,0.04756155482803782,0.047531535973151524
50,0.04756420683115721,0.047540337592363355
51,0.047564586314062275,0.04752683093150457
52,0.047563897414753836,0.04753103678425153
53,0.04756421862790982,0.04753066202004751
54,0.047764700123419365,0.047549191117286685
55,0.04756546380619208,0.04755082776149114
56,0.047565337363630535,0.04752646163105965
57,0.04756461704770724,0.04753586401542028
