fault,TP,FN,TPR
F1L,962,277,0.7764326069410815
F2L,577,793,0.4211678832116788
F3L,649,334,0.6602238046795524
F4L,0,1389,0.0
F5L,454,925,0.3292240754169688
F6L,1193,196,0.8588912886969042
F7L,1048,341,0.7544996400287977
